D2, ACCURACY, PROBLEM, CHOICE
0.5, 1.0, 21.841, 1.085001
1.0, 1.0, 21.98, 1.1350002
1.5, 1.0, 15.705, 1.1350002
2.0, 1.0, 22.58, 1.1350002
2.5, 1.0, 21.98, 1.1350002
3.0, 1.0, 20.824, 1.1350002
3.5, 1.0, 15.745, 1.1349983
4.0, 1.0, 21.307, 1.1350002
